Game,BGG Link,Owner
7 Wonders Duel,https://boardgamegeek.com/boardgame/173346/7-wonders-duel,Shoalwater
Agricola,https://boardgamegeek.com/boardgame/31260/agricola,Shoalwater
"Air, Land, Sea",https://boardgamegeek.com/boardgame/247367/air-land-and-sea,Shoalwater
Alhambra,https://boardgamegeek.com/boardgame/6249/alhambra,Shoalwater
Arboretum,https://boardgamegeek.com/boardgame/140934/arboretum,Shoalwater
Archaeology: The Card Game,https://boardgamegeek.com/boardgame/31105/archaeology-the-card-game,Shoalwater
Arkham Horror The Card Game,https://boardgamegeek.com/boardgame/205637/arkham-horror-the-card-game,Shoalwater
Articulate!,https://boardgamegeek.com/boardgame/6541/articulate,Shoalwater
Azul,https://boardgamegeek.com/boardgame/230802/azul,Shoalwater
Blokus,https://boardgamegeek.com/boardgame/2453/blokus,Shoalwater
Blokus Duo,https://boardgamegeek.com/boardgame/16395/blokus-duo,Shoalwater
Boalderdash,https://boardgamegeek.com/boardgame/163/balderdash,Shoalwater
Botanik,https://boardgamegeek.com/boardgame/271529/botanik,Shoalwater
Candamir,https://boardgamegeek.com/boardgame/12004/candamir-the-first-settlers,Shoalwater
Carcassone,https://boardgamegeek.com/boardgame/822/carcassonne,Shoalwater
Casefile: Truth & Deception,https://boardgamegeek.com/boardgame/370416/casefile-truth-and-deception-game,Shoalwater
Catan,https://boardgamegeek.com/boardgame/13/catan,Shoalwater
Catan Dice Game,https://boardgamegeek.com/boardgame/27710/catan-dice-game,Shoalwater
Cluedo,https://boardgamegeek.com/boardgame/1294/clue,Shoalwater
Codenames,https://boardgamegeek.com/boardgame/178900/codenames,Shoalwater
Connect 4,https://boardgamegeek.com/boardgame/2719/connect-four,Shoalwater
Connect 4 Advanced,#N/A,Shoalwater
Corinth,https://boardgamegeek.com/boardgame/269725/corinth,Shoalwater
Cribbage,https://boardgamegeek.com/boardgame/2398/cribbage,Shoalwater
Dizzle,https://boardgamegeek.com/boardgame/269199/dizzle,Shoalwater
Dominion,https://boardgamegeek.com/boardgame/36218/dominion,Shoalwater
Dragonwood,https://boardgamegeek.com/boardgame/172933/dragonwood,Shoalwater
Evolution,https://boardgamegeek.com/boardgame/155703/evolution,Shoalwater
Explorers of the North Sea,https://boardgamegeek.com/boardgame/176371/explorers-of-the-north-sea,Shoalwater
Falling Skies,https://boardgamegeek.com/boardgame/306735/under-falling-skies,Shoalwater
First XI Cricket,https://boardgamegeek.com/boardgame/405117/first-xi-cricket,Shoalwater
Five Crowns,https://boardgamegeek.com/boardgame/1472/five-crowns,Shoalwater
Fluttering Souls,https://boardgamegeek.com/boardgame/258154/fluttering-souls,Shoalwater
Forbidden Island,https://boardgamegeek.com/boardgame/65244/forbidden-island,Shoalwater
Ganz Schon Clever (That's Pretty Clever),https://boardgamegeek.com/boardgame/244522/thats-pretty-clever,Shoalwater
Guess the Product Review,#N/A,Shoalwater
Guess Who?,https://boardgamegeek.com/boardgame/4143/guess-who,Shoalwater
Harvest,https://boardgamegeek.com/boardgame/200058/harvest,Shoalwater
Jaipur,https://boardgamegeek.com/boardgame/54043/jaipur,Shoalwater
Jenga,https://boardgamegeek.com/boardgame/2452/jenga,Shoalwater
Keyper,https://boardgamegeek.com/boardgame/212516/keyper,Shoalwater
Lost Cities,,Shoalwater
Medici,https://boardgamegeek.com/boardgame/46/medici,Shoalwater
Monopoly,https://boardgamegeek.com/boardgame/1406/monopoly,Shoalwater
Mummy Rummy,https://boardgamegeek.com/boardgame/452/mummy-rummy,Shoalwater
My City,https://boardgamegeek.com/boardgame/295486/my-city,Shoalwater
Navegador,https://boardgamegeek.com/boardgame/66589/navegador,Shoalwater
Patch Work,https://boardgamegeek.com/boardgame/163412/patchwork,Shoalwater
Payday The Game,https://boardgamegeek.com/boardgame/1797/pay-day,Shoalwater
Pictionary Mania,https://boardgamegeek.com/boardgame/24118/pictionary-mania,Shoalwater
Pictureka,https://boardgamegeek.com/boardgame/22889/pictureka,Shoalwater
Quoridor,https://boardgamegeek.com/boardgame/624/quoridor,Shoalwater
Railroad Ink,https://boardgamegeek.com/boardgame/245654/railroad-ink-deep-blue-edition,Shoalwater
Risk: Start Wars Clone Wars Edition,https://boardgamegeek.com/boardgame/15045/risk-star-wars-clone-wars-edition,Shoalwater
Rocks of Ruin,https://boardgamegeek.com/boardgameexpansion/227514/explorers-of-the-north-sea-rocks-of-ruin,Shoalwater
Roll for the Galaxy,https://boardgamegeek.com/boardgame/132531/roll-for-the-galaxy,Shoalwater
Roll Player,https://boardgamegeek.com/boardgame/169426/roll-player,Shoalwater
Root,https://boardgamegeek.com/boardgame/237182/root,Shoalwater
Saboteur,https://boardgamegeek.com/boardgame/9220/saboteur,Shoalwater
Sagrada,https://boardgamegeek.com/boardgame/199561/sagrada,Shoalwater
Sagrada: Life,https://boardgamegeek.com/boardgameexpansion/301561/sagrada-the-great-facades-life,Shoalwater
Scopa,https://boardgamegeek.com/boardgame/15889/scopa,Shoalwater
Sequence,https://boardgamegeek.com/boardgame/2375/sequence,Shoalwater
Sky Team,https://boardgamegeek.com/boardgame/373106/sky-team,Shoalwater
Space Infantry,https://boardgamegeek.com/boardgame/66781/space-infantry,Shoalwater
Splendor,https://boardgamegeek.com/boardgame/148228/splendor,Shoalwater
Splendor Duel,https://boardgamegeek.com/boardgame/364073/splendor-duel,Shoalwater
Star Realms,https://boardgamegeek.com/boardgame/147020/star-realms,Shoalwater
Star Wars: I've Got A Bad Feeling About This!,https://boardgamegeek.com/boardgame/256375/star-wars-ive-got-a-bad-feeling-about-this,Shoalwater
Stratego Legends: The Shattered Lands,https://boardgamegeek.com/boardgame/484/stratego-legends,Shoalwater
Tatsu,https://boardgamegeek.com/boardgame/181811/tatsu,Shoalwater
Terraforming Mars,https://boardgamegeek.com/boardgame/167791/terraforming-mars,Shoalwater
Testmatch,#N/A,Shoalwater
The Castles of Burgundy,https://boardgamegeek.com/boardgame/84876/the-castles-of-burgundy,Shoalwater
The Castles of Burgundy: The Dice Game,https://boardgamegeek.com/boardgame/232988/the-castles-of-burgundy-the-dice-game,Shoalwater
The Da Vinci Code,https://boardgamegeek.com/boardgame/8946/da-vinci-code,Shoalwater
The Game of Life,https://boardgamegeek.com/boardgame/2921/game-of-life,Shoalwater
The Grizzled,https://boardgamegeek.com/boardgame/171668/the-grizzled,Shoalwater
The Grizzled At Your Orders Expansion,https://boardgamegeek.com/boardgameexpansion/194562/the-grizzled-at-your-orders,Shoalwater
The Hive,https://boardgamegeek.com/boardgame/2655/hive,Shoalwater
The IQ Game,#N/A,Shoalwater
The Logo Board Game,https://boardgamegeek.com/boardgame/64204/the-logo-board-game,Shoalwater
The Mind,https://boardgamegeek.com/boardgame/244992/the-mind,Shoalwater
The Rainbow Fish Memory Game,#N/A,Shoalwater
The Stock Market,#N/A,Shoalwater
The Stock Market Game,#N/A,Shoalwater
Ticket to Ride,https://boardgamegeek.com/boardgame/9209/ticket-to-ride,Shoalwater
Tiny Epic Defenders,https://boardgamegeek.com/boardgame/155708/tiny-epic-defenders,Shoalwater
Tiny Epic Dinosaurs,https://boardgamegeek.com/boardgame/291508/tiny-epic-dinosaurs,Shoalwater
Tiny Epic Dungeons,https://boardgamegeek.com/boardgame/331787/tiny-epic-dungeons,Shoalwater
Tiny Epic Galaxies,https://boardgamegeek.com/boardgame/163967/tiny-epic-galaxies,Shoalwater
Tiny Epic Pirates,https://boardgamegeek.com/boardgame/309430/tiny-epic-pirates,Shoalwater
Tiny Epic Vikings,https://boardgamegeek.com/boardgame/360896/tiny-epic-vikings,Shoalwater
Undaunted: Normandy,https://boardgamegeek.com/boardgame/268864/undaunted-normandy,Shoalwater
Undaunted: North Africa,https://boardgamegeek.com/boardgame/290359/undaunted-north-africa,Shoalwater
Unfair,https://boardgamegeek.com/boardgame/179172/unfair,Shoalwater
Villagers,https://boardgamegeek.com/boardgame/241724/villagers,Shoalwater
Voluspa,https://boardgamegeek.com/boardgame/128554/voluspa,Shoalwater
Welcome to Your Perfect Home,https://boardgamegeek.com/boardgame/233867/welcome-to,Shoalwater
Wild Space,https://boardgamegeek.com/boardgame/298371/wild-space,Shoalwater
Wingspan,https://boardgamegeek.com/boardgame/266192/wingspan,Shoalwater
Wingspan Oceania Expansion,https://boardgamegeek.com/boardgame/300580/wingspan-oceania-expansion,Shoalwater